,GRAMMAR,CASING,MISC,rouge1_fmeasure,rouge1_precision,rouge1_recall,rouge2_fmeasure,rouge2_precision,rouge2_recall,rougeL_fmeasure,rougeL_precision,rougeL_recall,rougeLsum_fmeasure,rougeLsum_precision,rougeLsum_recall,avg_p,max_p,min_p,avg_r,max_r,min_r,avg_f1,max_f1,min_f1,avg_cos_sim,max_cos_sim,min_cos_sim,avg_sem_meteor,max_sem_meteor,min_sem_meteor
224x224-vgg19-glove-greedy-image-only-master,558,49,4,0.018856966868042946,0.045167360454797745,0.018977170810103416,0.0,0.0,0.0,0.018856966868042946,0.045167360454797745,0.018977170810103416,0.018856966868042946,0.045167360454797745,0.018977170810103416,0.0,0,0,0.0,0.0,0.0,0.0,0,0,0.03384063020348549,0.2017119824886322,-0.1267155408859253,0.008921257267852773,0.13513513513513511,0.0
