rouge_keys,scores
rouge1_fmeasure,0.018856966868042946
rouge1_precision,0.045167360454797745
rouge1_recall,0.018977170810103416
rouge2_fmeasure,0.0
rouge2_precision,0.0
rouge2_recall,0.0
rougeL_fmeasure,0.018856966868042946
rougeL_precision,0.045167360454797745
rougeL_recall,0.018977170810103416
rougeLsum_fmeasure,0.018856966868042946
rougeLsum_precision,0.045167360454797745
rougeLsum_recall,0.018977170810103416
