,CASING,rouge1_fmeasure,rouge1_precision,rouge1_recall,rouge2_fmeasure,rouge2_precision,rouge2_recall,rougeL_fmeasure,rougeL_precision,rougeL_recall,rougeLsum_fmeasure,rougeLsum_precision,rougeLsum_recall,avg_p,max_p,min_p,avg_r,max_r,min_r,avg_f1,max_f1,min_f1,avg_cos_sim,max_cos_sim,min_cos_sim,avg_sem_meteor,max_sem_meteor,min_sem_meteor
T5-gold,46,0.5916271805763245,0.6263284683227539,0.5871360898017883,0.4047200679779053,0.42856281995773315,0.3933323919773102,0.5806776881217957,0.6122929453849792,0.5779328346252441,0.5832352638244629,0.6150103211402893,0.5803483128547668,0.6670289855072464,1.0,0.0,0.5967908902691511,1.0,0.0,0.6092085450781102,1.0,0.0,0.7757969498634338,1.000000238418579,0.12296327948570251,0.5635423982012792,0.9985422740524781,0.10204081632653061
