rouge_keys,scores
rouge1_fmeasure,0.5916271805763245
rouge1_precision,0.6263284683227539
rouge1_recall,0.5871360898017883
rouge2_fmeasure,0.4047200679779053
rouge2_precision,0.42856281995773315
rouge2_recall,0.3933323919773102
rougeL_fmeasure,0.5806776881217957
rougeL_precision,0.6122929453849792
rougeL_recall,0.5779328346252441
rougeLsum_fmeasure,0.5832352638244629
rougeLsum_precision,0.6150103211402893
rougeLsum_recall,0.5803483128547668
