rouge_keys,scores
rouge1_fmeasure,0.35743746161460876
rouge1_precision,0.2748119533061981
rouge1_recall,0.5859704613685608
rouge2_fmeasure,0.19817565381526947
rouge2_precision,0.1496206670999527
rouge2_recall,0.35063087940216064
rougeL_fmeasure,0.3232843279838562
rougeL_precision,0.2482059746980667
rougeL_recall,0.5324321389198303
rougeLsum_fmeasure,0.3238983154296875
rougeLsum_precision,0.24873770773410797
rougeLsum_recall,0.533317506313324
