rouge_keys,scores
rouge1_fmeasure,0.38004744052886963
rouge1_precision,0.3143938481807709
rouge1_recall,0.5526230931282043
rouge2_fmeasure,0.2055412381887436
rouge2_precision,0.1683274507522583
rouge2_recall,0.31469982862472534
rougeL_fmeasure,0.348666787147522
rougeL_precision,0.28686395287513733
rougeL_recall,0.5109228491783142
rougeLsum_fmeasure,0.3504987359046936
rougeLsum_precision,0.2888782024383545
rougeLsum_recall,0.5127373933792114
