,CASING,GRAMMAR,rouge1_fmeasure,rouge1_precision,rouge1_recall,rouge2_fmeasure,rouge2_precision,rouge2_recall,rougeL_fmeasure,rougeL_precision,rougeL_recall,rougeLsum_fmeasure,rougeLsum_precision,rougeLsum_recall,avg_p,max_p,min_p,avg_r,max_r,min_r,avg_f1,max_f1,min_f1,avg_cos_sim,max_cos_sim,min_cos_sim,avg_sem_meteor,max_sem_meteor,min_sem_meteor
1080p-vgg19-glove-greedy-image-only,23,75,0.03165679797530174,0.12000463157892227,0.019948290660977364,0.0001898613991215825,0.00013646288425661623,0.0003119151806458831,0.03165679797530174,0.12000463157892227,0.019948290660977364,0.03165679797530174,0.12000463157892227,0.019948290660977364,0.0,0,0,0.0,0.0,0.0,0.0,0,0,0.034937214106321335,0.22109302878379822,-0.1267155408859253,0.010650297141762872,0.17857142857142855,0.0
