,CASING,GRAMMAR,rouge1_fmeasure,rouge1_precision,rouge1_recall,rouge2_fmeasure,rouge2_precision,rouge2_recall,rougeL_fmeasure,rougeL_precision,rougeL_recall,rougeLsum_fmeasure,rougeLsum_precision,rougeLsum_recall,avg_p,max_p,min_p,avg_r,max_r,min_r,avg_f1,max_f1,min_f1,avg_cos_sim,max_cos_sim,min_cos_sim,avg_sem_meteor,max_sem_meteor,min_sem_meteor
1080p-vgg19-glove-greedy-image-only,23,75,0.033750228583812714,0.1244376078248024,0.021431488916277885,0.00019417644944041967,0.00013646288425661623,0.0003379081026650965,0.033750228583812714,0.1244376078248024,0.021431488916277885,0.033750228583812714,0.1244376078248024,0.021431488916277885,0.0,0,0,0.0,0.0,0.0,0.0,0,0,0.03790833801031113,0.22109292447566986,-0.1267155557870865,0.011402536355395931,0.17857142857142855,0.0
