rouge_keys,scores
rouge1_fmeasure,0.03165679797530174
rouge1_precision,0.12000463157892227
rouge1_recall,0.019948290660977364
rouge2_fmeasure,0.0001898613991215825
rouge2_precision,0.00013646288425661623
rouge2_recall,0.0003119151806458831
rougeL_fmeasure,0.03165679797530174
rougeL_precision,0.12000463157892227
rougeL_recall,0.019948290660977364
rougeLsum_fmeasure,0.03165679797530174
rougeLsum_precision,0.12000463157892227
rougeLsum_recall,0.019948290660977364
