rouge_keys,scores
rouge1_fmeasure,0.033750228583812714
rouge1_precision,0.1244376078248024
rouge1_recall,0.021431488916277885
rouge2_fmeasure,0.00019417644944041967
rouge2_precision,0.00013646288425661623
rouge2_recall,0.0003379081026650965
rougeL_fmeasure,0.033750228583812714
rougeL_precision,0.1244376078248024
rougeL_recall,0.021431488916277885
rougeLsum_fmeasure,0.033750228583812714
rougeLsum_precision,0.1244376078248024
rougeLsum_recall,0.021431488916277885
