,GRAMMAR,PUNCTUATION,MISC,rouge1_fmeasure,rouge1_precision,rouge1_recall,rouge2_fmeasure,rouge2_precision,rouge2_recall,rougeL_fmeasure,rougeL_precision,rougeL_recall,rougeLsum_fmeasure,rougeLsum_precision,rougeLsum_recall,avg_p,max_p,min_p,avg_r,max_r,min_r,avg_f1,max_f1,min_f1,avg_cos_sim,max_cos_sim,min_cos_sim,avg_sem_meteor,max_sem_meteor,min_sem_meteor
vit-gpt2-synthetic-slides-E-3,1,3,9,0.12834490835666656,0.13245803117752075,0.15440353751182556,0.03292021155357361,0.030821021646261215,0.046698931604623795,0.12281475216150284,0.12461836636066437,0.14966240525245667,0.12340474128723145,0.125728040933609,0.15009786188602448,0.014484620855187128,1.0,0.0,0.012514631202453864,0.8333333333333334,0.0,0.012164710164447238,0.7692307692307694,0.0,0.13411499559879303,0.8265039324760437,-0.15184815227985382,0.10766965710502224,0.9203071887196274,0.0
