,TYPOGRAPHY,CASING,PUNCTUATION,CONFUSED_WORDS,MISC,GRAMMAR,TYPOS,COMPOUNDING,rouge1_fmeasure,rouge1_precision,rouge1_recall,rouge2_fmeasure,rouge2_precision,rouge2_recall,rougeL_fmeasure,rougeL_precision,rougeL_recall,rougeLsum_fmeasure,rougeLsum_precision,rougeLsum_recall,avg_p,max_p,min_p,avg_r,max_r,min_r,avg_f1,max_f1,min_f1,avg_cos_sim,max_cos_sim,min_cos_sim,avg_sem_meteor,max_sem_meteor,min_sem_meteor
llama,64,157,10,1,2,4,1,1,0.3855164349079132,0.39423438906669617,0.41127121448516846,0.21808603405952454,0.21872910857200623,0.23890946805477142,0.37162575125694275,0.3800896406173706,0.39620742201805115,0.3729170262813568,0.3818255662918091,0.39730939269065857,0.4298164584185734,1.0,0.0,0.42860145105683767,1.0,0.0,0.4080756617051258,1.0,0.0,0.6524348855018616,1.0000001192092896,0.029972538352012634,0.38059931645523526,0.9990234375,0.0
