rouge_keys,scores
rouge1_fmeasure,0.3855164349079132
rouge1_precision,0.39423438906669617
rouge1_recall,0.41127121448516846
rouge2_fmeasure,0.21808603405952454
rouge2_precision,0.21872910857200623
rouge2_recall,0.23890946805477142
rougeL_fmeasure,0.37162575125694275
rougeL_precision,0.3800896406173706
rougeL_recall,0.39620742201805115
rougeLsum_fmeasure,0.3729170262813568
rougeLsum_precision,0.3818255662918091
rougeLsum_recall,0.39730939269065857
