,GRAMMAR,CASING,rouge1_fmeasure,rouge1_precision,rouge1_recall,rouge2_fmeasure,rouge2_precision,rouge2_recall,rougeL_fmeasure,rougeL_precision,rougeL_recall,rougeLsum_fmeasure,rougeLsum_precision,rougeLsum_recall,avg_p,max_p,min_p,avg_r,max_r,min_r,avg_f1,max_f1,min_f1,avg_cos_sim,max_cos_sim,min_cos_sim,avg_sem_meteor,max_sem_meteor,min_sem_meteor
1080p-vgg19-glove-sbs-keywords-master,16,456,0.1768098920583725,0.41157203912734985,0.11739712208509445,0.06557145714759827,0.21179039776325226,0.04078489542007446,0.17656730115413666,0.4104803502559662,0.11726066470146179,0.17656730115413666,0.4104803502559662,0.11726066470146179,0.0,0,0,0.0,0.0,0.0,0.0,0,0,0.12301390618085861,0.39932990074157715,-0.07871002703905106,0.09784168706540519,0.6465517241379309,0.0
