rouge_keys,scores
rouge1_fmeasure,0.1768098920583725
rouge1_precision,0.41157203912734985
rouge1_recall,0.11739712208509445
rouge2_fmeasure,0.06557145714759827
rouge2_precision,0.21179039776325226
rouge2_recall,0.04078489542007446
rougeL_fmeasure,0.17656730115413666
rougeL_precision,0.4104803502559662
rougeL_recall,0.11726066470146179
rougeLsum_fmeasure,0.17656730115413666
rougeLsum_precision,0.4104803502559662
rougeLsum_recall,0.11726066470146179
