,GRAMMAR,PUNCTUATION,TYPOGRAPHY,rouge1_fmeasure,rouge1_precision,rouge1_recall,rouge2_fmeasure,rouge2_precision,rouge2_recall,rougeL_fmeasure,rougeL_precision,rougeL_recall,rougeLsum_fmeasure,rougeLsum_precision,rougeLsum_recall,avg_p,max_p,min_p,avg_r,max_r,min_r,avg_f1,max_f1,min_f1,avg_cos_sim,max_cos_sim,min_cos_sim,avg_sem_meteor,max_sem_meteor,min_sem_meteor
T5-master-final,2,6,1,0.503334641456604,0.5430164337158203,0.5063422918319702,0.3228762447834015,0.3544096052646637,0.3227071464061737,0.49059903621673584,0.5287688970565796,0.49424588680267334,0.49109840393066406,0.5292370319366455,0.49478092789649963,0.6011530916025298,1.0,0.0,0.4990019374520366,1.0,0.0,0.5204322680781094,1.0,0.0,0.7009173035621643,1.000000238418579,0.08454543352127075,0.4854511153149553,0.9996243425995492,0.0
