rouge_keys,scores
rouge1_fmeasure,0.503334641456604
rouge1_precision,0.5430164337158203
rouge1_recall,0.5063422918319702
rouge2_fmeasure,0.3228762447834015
rouge2_precision,0.3544096052646637
rouge2_recall,0.3227071464061737
rougeL_fmeasure,0.49059903621673584
rougeL_precision,0.5287688970565796
rougeL_recall,0.49424588680267334
rougeLsum_fmeasure,0.49109840393066406
rougeLsum_precision,0.5292370319366455
rougeLsum_recall,0.49478092789649963
