rouge_keys,scores
rouge1_fmeasure,0.40042605996131897
rouge1_precision,0.3442303240299225
rouge1_recall,0.5383023023605347
rouge2_fmeasure,0.22641541063785553
rouge2_precision,0.1921742856502533
rouge2_recall,0.3192407190799713
rougeL_fmeasure,0.37416794896125793
rougeL_precision,0.3204805254936218
rougeL_recall,0.5053964257240295
rougeLsum_fmeasure,0.37473833560943604
rougeLsum_precision,0.32104939222335815
rougeLsum_recall,0.5060667991638184
