rouge_keys,scores
rouge1_fmeasure,0.1835775524377823
rouge1_precision,0.18384763598442078
rouge1_recall,0.2066909521818161
rouge2_fmeasure,0.04125295951962471
rouge2_precision,0.04118352010846138
rouge2_recall,0.05039939284324646
rougeL_fmeasure,0.17695562541484833
rougeL_precision,0.17535485327243805
rougeL_recall,0.20094799995422363
rougeLsum_fmeasure,0.17735087871551514
rougeLsum_precision,0.17578962445259094
rougeLsum_recall,0.20131029188632965
