,rouge1_fmeasure,rouge1_precision,rouge1_recall,rouge2_fmeasure,rouge2_precision,rouge2_recall,rougeL_fmeasure,rougeL_precision,rougeL_recall,rougeLsum_fmeasure,rougeLsum_precision,rougeLsum_recall,avg_p,max_p,min_p,avg_r,max_r,min_r,avg_f1,max_f1,min_f1,avg_cos_sim,max_cos_sim,min_cos_sim,avg_sem_meteor,max_sem_meteor,min_sem_meteor
vit-gpt2-master-E-3,0.1835775524377823,0.18384763598442078,0.2066909521818161,0.04125295951962471,0.04118352010846138,0.05039939284324646,0.17695562541484833,0.17535485327243805,0.20094799995422363,0.17735087871551514,0.17578962445259094,0.20131029188632965,0.012318840579710144,0.3333333333333333,0.0,0.009169254658385093,0.3333333333333333,0.0,0.01030899052638183,0.3333333333333333,0.0,0.15567977726459503,0.7012562155723572,-0.0867796316742897,0.1667458665465127,0.6405895691609977,0.0
