,CASING,MISC,GRAMMAR,rouge1_fmeasure,rouge1_precision,rouge1_recall,rouge2_fmeasure,rouge2_precision,rouge2_recall,rougeL_fmeasure,rougeL_precision,rougeL_recall,rougeLsum_fmeasure,rougeLsum_precision,rougeLsum_recall,avg_p,max_p,min_p,avg_r,max_r,min_r,avg_f1,max_f1,min_f1,avg_cos_sim,max_cos_sim,min_cos_sim,avg_sem_meteor,max_sem_meteor,min_sem_meteor
224x224-vgg19-glove-greedy-keywords-master,455,18,16,0.1564180999994278,0.281391441822052,0.11309411376714706,0.0175577811896801,0.03657205402851105,0.012127538211643696,0.15461957454681396,0.27714037895202637,0.11183397471904755,0.15461957454681396,0.27714037895202637,0.11183397471904755,0.0,0,0,0.0,0.0,0.0,0.0,0,0,0.06992974877357483,0.2616254389286041,-0.07639721781015396,0.07053624836024465,0.5165692007797271,0.0
