rouge_keys,scores
rouge1_fmeasure,0.1564180999994278
rouge1_precision,0.281391441822052
rouge1_recall,0.11309411376714706
rouge2_fmeasure,0.0175577811896801
rouge2_precision,0.03657205402851105
rouge2_recall,0.012127538211643696
rougeL_fmeasure,0.15461957454681396
rougeL_precision,0.27714037895202637
rougeL_recall,0.11183397471904755
rougeLsum_fmeasure,0.15461957454681396
rougeLsum_precision,0.27714037895202637
rougeLsum_recall,0.11183397471904755
