rouge_keys,scores
rouge1_fmeasure,0.17152994871139526
rouge1_precision,0.307410329580307
rouge1_recall,0.12399744987487793
rouge2_fmeasure,0.01980876922607422
rouge2_precision,0.04203056916594505
rouge2_recall,0.013588887639343739
rougeL_fmeasure,0.16973140835762024
rougeL_precision,0.30315929651260376
rougeL_recall,0.12273729592561722
rougeLsum_fmeasure,0.16973140835762024
rougeLsum_precision,0.30315929651260376
rougeLsum_recall,0.12273729592561722
