,GRAMMAR,CASING,MISC,rouge1_fmeasure,rouge1_precision,rouge1_recall,rouge2_fmeasure,rouge2_precision,rouge2_recall,rougeL_fmeasure,rougeL_precision,rougeL_recall,rougeLsum_fmeasure,rougeLsum_precision,rougeLsum_recall,avg_p,max_p,min_p,avg_r,max_r,min_r,avg_f1,max_f1,min_f1,avg_cos_sim,max_cos_sim,min_cos_sim,avg_sem_meteor,max_sem_meteor,min_sem_meteor
224x224-dense-glove-greedy-image-only-master,311,39,3,0.03802306950092316,0.12936075031757355,0.029760057106614113,0.0,0.0,0.0,0.03802306950092316,0.12936075031757355,0.029760057106614113,0.03802306950092316,0.12936075031757355,0.029760057106614113,0.0,0,0,0.0,0.0,0.0,0.0,0,0,0.04173603281378746,0.20448312163352966,-0.08818995952606201,0.014878221498420014,0.17241379310344826,0.0
