,GRAMMAR,CASING,MISC,rouge1_fmeasure,rouge1_precision,rouge1_recall,rouge2_fmeasure,rouge2_precision,rouge2_recall,rougeL_fmeasure,rougeL_precision,rougeL_recall,rougeLsum_fmeasure,rougeLsum_precision,rougeLsum_recall,avg_p,max_p,min_p,avg_r,max_r,min_r,avg_f1,max_f1,min_f1,avg_cos_sim,max_cos_sim,min_cos_sim,avg_sem_meteor,max_sem_meteor,min_sem_meteor
224x224-dense-glove-greedy-image-only-master,311,39,3,0.0359039269387722,0.12227294594049454,0.02826286479830742,0.0,0.0,0.0,0.0359039269387722,0.12227294594049454,0.02826286479830742,0.0359039269387722,0.12227294594049454,0.02826286479830742,0.0,0,0,0.0,0.0,0.0,0.0,0,0,0.038929205387830734,0.2044830471277237,-0.08818992972373962,0.014107132018262889,0.17241379310344826,0.0
