rouge_keys,scores
rouge1_fmeasure,0.0359039269387722
rouge1_precision,0.12227294594049454
rouge1_recall,0.02826286479830742
rouge2_fmeasure,0.0
rouge2_precision,0.0
rouge2_recall,0.0
rougeL_fmeasure,0.0359039269387722
rougeL_precision,0.12227294594049454
rougeL_recall,0.02826286479830742
rougeLsum_fmeasure,0.0359039269387722
rougeLsum_precision,0.12227294594049454
rougeLsum_recall,0.02826286479830742
