,GRAMMAR,CASING,rouge1_fmeasure,rouge1_precision,rouge1_recall,rouge2_fmeasure,rouge2_precision,rouge2_recall,rougeL_fmeasure,rougeL_precision,rougeL_recall,rougeLsum_fmeasure,rougeLsum_precision,rougeLsum_recall,avg_p,max_p,min_p,avg_r,max_r,min_r,avg_f1,max_f1,min_f1,avg_cos_sim,max_cos_sim,min_cos_sim,avg_sem_meteor,max_sem_meteor,min_sem_meteor
224x224-vgg19-glove-image-only-sbs-master,48,4,0.0020376171451061964,0.004267566371709108,0.0019178194925189018,0.0,0.0,0.0,0.0020376171451061964,0.004267566371709108,0.0019178194925189018,0.0020376171451061964,0.004267566371709108,0.0019178194925189018,0.0,0,0,0.0,0.0,0.0,0.0,0,0,0.031261324882507324,0.2017119824886322,-0.1267155557870865,0.0009285722709858796,0.12820512820512822,0.0
