,GRAMMAR,CASING,MISC,rouge1_fmeasure,rouge1_precision,rouge1_recall,rouge2_fmeasure,rouge2_precision,rouge2_recall,rougeL_fmeasure,rougeL_precision,rougeL_recall,rougeLsum_fmeasure,rougeLsum_precision,rougeLsum_recall,avg_p,max_p,min_p,avg_r,max_r,min_r,avg_f1,max_f1,min_f1,avg_cos_sim,max_cos_sim,min_cos_sim,avg_sem_meteor,max_sem_meteor,min_sem_meteor
224x224-vgg19-glove-greedy-image-only-master,558,49,4,0.02320639230310917,0.05161833018064499,0.02284909412264824,0.0,0.0,0.0,0.02320639230310917,0.05161833018064499,0.02284909412264824,0.02320639230310917,0.05161833018064499,0.02284909412264824,0.0,0,0,0.0,0.0,0.0,0.0,0,0,0.03716270625591278,0.2017119824886322,-0.1267155557870865,0.010791018861981989,0.13513513513513511,0.0
