rouge_keys,scores
rouge1_fmeasure,0.5038489103317261
rouge1_precision,0.5441275238990784
rouge1_recall,0.5081080198287964
rouge2_fmeasure,0.3246656656265259
rouge2_precision,0.3566380739212036
rouge2_recall,0.32503825426101685
rougeL_fmeasure,0.49100834131240845
rougeL_precision,0.5293889045715332
rougeL_recall,0.49616891145706177
rougeLsum_fmeasure,0.49150770902633667
rougeLsum_precision,0.5298570394515991
rougeLsum_recall,0.4967039227485657
