rouge_keys,scores
rouge1_fmeasure,0.4030440151691437
rouge1_precision,0.34069839119911194
rouge1_recall,0.5575530529022217
rouge2_fmeasure,0.22662875056266785
rouge2_precision,0.19013711810112
rouge2_recall,0.32807883620262146
rougeL_fmeasure,0.37431320548057556
rougeL_precision,0.31501683592796326
rougeL_recall,0.5210279226303101
rougeLsum_fmeasure,0.37541481852531433
rougeLsum_precision,0.3162223696708679
rougeLsum_recall,0.5220524668693542
