,PUNCTUATION,MISC,rouge1_fmeasure,rouge1_precision,rouge1_recall,rouge2_fmeasure,rouge2_precision,rouge2_recall,rougeL_fmeasure,rougeL_precision,rougeL_recall,rougeLsum_fmeasure,rougeLsum_precision,rougeLsum_recall,avg_p,max_p,min_p,avg_r,max_r,min_r,avg_f1,max_f1,min_f1,avg_cos_sim,max_cos_sim,min_cos_sim,avg_sem_meteor,max_sem_meteor,min_sem_meteor
384x683-vit-gpt2-master-E-3,67,2,0.19186653196811676,0.1932384967803955,0.21635130047798157,0.05065225809812546,0.0518176443874836,0.060740210115909576,0.18449707329273224,0.18445028364658356,0.2092229127883911,0.18467098474502563,0.18461750447750092,0.20940405130386353,0.014673913043478261,0.5,0.0,0.009610154338415208,0.5,0.0,0.011304287499939674,0.5,0.0,0.1377488672733307,0.5528658628463745,-0.1306464970111847,0.18525253983518805,0.7937500000000002,0.0
