rouge_keys,scores
rouge1_fmeasure,0.43545442819595337
rouge1_precision,0.3747725784778595
rouge1_recall,0.6109457612037659
rouge2_fmeasure,0.2335895150899887
rouge2_precision,0.19827808439731598
rouge2_recall,0.3503482937812805
rougeL_fmeasure,0.4036290645599365
rougeL_precision,0.3448818624019623
rougeL_recall,0.5693076848983765
rougeLsum_fmeasure,0.4081744849681854
rougeLsum_precision,0.34996432065963745
rougeLsum_recall,0.5734285712242126
