,CASING,MISC,GRAMMAR,rouge1_fmeasure,rouge1_precision,rouge1_recall,rouge2_fmeasure,rouge2_precision,rouge2_recall,rougeL_fmeasure,rougeL_precision,rougeL_recall,rougeLsum_fmeasure,rougeLsum_precision,rougeLsum_recall,avg_p,max_p,min_p,avg_r,max_r,min_r,avg_f1,max_f1,min_f1,avg_cos_sim,max_cos_sim,min_cos_sim,avg_sem_meteor,max_sem_meteor,min_sem_meteor
224x224-vgg19-glove-greedy-keywords-master,455,18,16,0.17152994871139526,0.307410329580307,0.12399744987487793,0.01980876922607422,0.04203056916594505,0.013588887639343739,0.16973140835762024,0.30315929651260376,0.12273729592561722,0.16973140835762024,0.30315929651260376,0.12273729592561722,0.0,0,0,0.0,0.0,0.0,0.0,0,0,0.07654775679111481,0.26542651653289795,-0.07639720290899277,0.07771000832778018,0.5165692007797271,0.0
