,CASING,PUNCTUATION,TYPOS,MISC,rouge1_fmeasure,rouge1_precision,rouge1_recall,rouge2_fmeasure,rouge2_precision,rouge2_recall,rougeL_fmeasure,rougeL_precision,rougeL_recall,rougeLsum_fmeasure,rougeLsum_precision,rougeLsum_recall,avg_p,max_p,min_p,avg_r,max_r,min_r,avg_f1,max_f1,min_f1,avg_cos_sim,max_cos_sim,min_cos_sim,avg_sem_meteor,max_sem_meteor,min_sem_meteor
T5-master,267,5,3,1,0.5273751616477966,0.5711348652839661,0.5265355706214905,0.34482747316360474,0.37393224239349365,0.3484865725040436,0.5124964714050293,0.5540320873260498,0.5128459930419922,0.5132375359535217,0.5549163818359375,0.5135512948036194,0.6318664169787764,1.0,0.0,0.5184751052232875,1.0,0.0,0.5448825525163926,1.0,0.0,0.7330290675163269,1.0000001192092896,0.08354057371616364,0.508109735619033,0.9996243425995492,0.0
