,COLLOCATIONS,MISC,TYPOS,rouge1_fmeasure,rouge1_precision,rouge1_recall,rouge2_fmeasure,rouge2_precision,rouge2_recall,rougeL_fmeasure,rougeL_precision,rougeL_recall,rougeLsum_fmeasure,rougeLsum_precision,rougeLsum_recall,avg_p,max_p,min_p,avg_r,max_r,min_r,avg_f1,max_f1,min_f1,avg_cos_sim,max_cos_sim,min_cos_sim,avg_sem_meteor,max_sem_meteor,min_sem_meteor
T5-master,1,2,1,0.4874512851238251,0.5315298438072205,0.4860195219516754,0.30188146233558655,0.33412405848503113,0.3005404770374298,0.47531986236572266,0.517385721206665,0.4749232232570648,0.4758192300796509,0.517853856086731,0.4754582345485687,0.5861913679329409,1.0,0.0,0.48353277282556856,1.0,0.0,0.5051242896009306,1.0,0.0,0.6967276334762573,1.000000238418579,0.10693079978227615,0.46035143231216114,0.9996243425995492,0.0
