rouge_keys,scores
rouge1_fmeasure,0.4874512851238251
rouge1_precision,0.5315298438072205
rouge1_recall,0.4860195219516754
rouge2_fmeasure,0.30188146233558655
rouge2_precision,0.33412405848503113
rouge2_recall,0.3005404770374298
rougeL_fmeasure,0.47531986236572266
rougeL_precision,0.517385721206665
rougeL_recall,0.4749232232570648
rougeLsum_fmeasure,0.4758192300796509
rougeLsum_precision,0.517853856086731
rougeLsum_recall,0.4754582345485687
