rouge_keys,scores
rouge1_fmeasure,0.5273751616477966
rouge1_precision,0.5711348652839661
rouge1_recall,0.5265355706214905
rouge2_fmeasure,0.34482747316360474
rouge2_precision,0.37393224239349365
rouge2_recall,0.3484865725040436
rougeL_fmeasure,0.5124964714050293
rougeL_precision,0.5540320873260498
rougeL_recall,0.5128459930419922
rougeLsum_fmeasure,0.5132375359535217
rougeLsum_precision,0.5549163818359375
rougeLsum_recall,0.5135512948036194
