rouge_keys,scores
rouge1_fmeasure,0.4405658543109894
rouge1_precision,0.38622209429740906
rouge1_recall,0.598950982093811
rouge2_fmeasure,0.24933230876922607
rouge2_precision,0.21460600197315216
rouge2_recall,0.35636207461357117
rougeL_fmeasure,0.4084635376930237
rougeL_precision,0.35533544421195984
rougeL_recall,0.55890953540802
rougeLsum_fmeasure,0.4124595820903778
rougeLsum_precision,0.3597310185432434
rougeLsum_recall,0.5625724792480469
