rouge_keys,scores
rouge1_fmeasure,0.4455433189868927
rouge1_precision,0.38388967514038086
rouge1_recall,0.60202956199646
rouge2_fmeasure,0.24559737741947174
rouge2_precision,0.20895318686962128
rouge2_recall,0.34849777817726135
rougeL_fmeasure,0.42138826847076416
rougeL_precision,0.3605833649635315
rougeL_recall,0.5741183757781982
rougeLsum_fmeasure,0.42292332649230957
rougeLsum_precision,0.3623287081718445
rougeLsum_recall,0.5754920840263367
