rouge_keys,scores
rouge1_fmeasure,0.42889100313186646
rouge1_precision,0.39962315559387207
rouge1_recall,0.513965904712677
rouge2_fmeasure,0.25597795844078064
rouge2_precision,0.2400793731212616
rouge2_recall,0.31083518266677856
rougeL_fmeasure,0.4102538824081421
rougeL_precision,0.38150566816329956
rougeL_recall,0.49326983094215393
rougeLsum_fmeasure,0.4108693599700928
rougeLsum_precision,0.38226842880249023
rougeLsum_recall,0.4937858283519745
