rouge_keys,scores
rouge1_fmeasure,0.0018531306413933635
rouge1_precision,0.004201402887701988
rouge1_recall,0.001535723451524973
rouge2_fmeasure,0.0
rouge2_precision,0.0
rouge2_recall,0.0
rougeL_fmeasure,0.0018531306413933635
rougeL_precision,0.004201402887701988
rougeL_recall,0.001535723451524973
rougeLsum_fmeasure,0.0018531306413933635
rougeLsum_precision,0.004201402887701988
rougeLsum_recall,0.001535723451524973
