rouge_keys,scores
rouge1_fmeasure,0.406950443983078
rouge1_precision,0.34838148951530457
rouge1_recall,0.5506572723388672
rouge2_fmeasure,0.2290225327014923
rouge2_precision,0.19399891793727875
rouge2_recall,0.3254331946372986
rougeL_fmeasure,0.3780617415904999
rougeL_precision,0.3225904703140259
rougeL_recall,0.5145445466041565
rougeLsum_fmeasure,0.3791753947734833
rougeLsum_precision,0.3238169252872467
rougeLsum_recall,0.5155690908432007
