rouge_keys,scores
rouge1_fmeasure,0.03802306950092316
rouge1_precision,0.12936075031757355
rouge1_recall,0.029760057106614113
rouge2_fmeasure,0.0
rouge2_precision,0.0
rouge2_recall,0.0
rougeL_fmeasure,0.03802306950092316
rougeL_precision,0.12936075031757355
rougeL_recall,0.029760057106614113
rougeLsum_fmeasure,0.03802306950092316
rougeLsum_precision,0.12936075031757355
rougeLsum_recall,0.029760057106614113
