,CASING,MISC,GRAMMAR,rouge1_fmeasure,rouge1_precision,rouge1_recall,rouge2_fmeasure,rouge2_precision,rouge2_recall,rougeL_fmeasure,rougeL_precision,rougeL_recall,rougeLsum_fmeasure,rougeLsum_precision,rougeLsum_recall,avg_p,max_p,min_p,avg_r,max_r,min_r,avg_f1,max_f1,min_f1,avg_cos_sim,max_cos_sim,min_cos_sim,avg_sem_meteor,max_sem_meteor,min_sem_meteor
224x224-vgg19-glove-sbs-keywords-master,457,4,8,0.18847951292991638,0.43492788076400757,0.12594765424728394,0.07093959301710129,0.2303493469953537,0.04435253515839577,0.18823690712451935,0.4338361918926239,0.12581120431423187,0.18823690712451935,0.4338361918926239,0.12581120431423187,0.0,0,0,0.0,0.0,0.0,0.0,0,0,0.1254633665084839,0.39932966232299805,-0.07871007919311523,0.10464504850600467,0.6465517241379309,0.0
