rouge_keys,scores
rouge1_fmeasure,0.18847951292991638
rouge1_precision,0.43492788076400757
rouge1_recall,0.12594765424728394
rouge2_fmeasure,0.07093959301710129
rouge2_precision,0.2303493469953537
rouge2_recall,0.04435253515839577
rougeL_fmeasure,0.18823690712451935
rougeL_precision,0.4338361918926239
rougeL_recall,0.12581120431423187
rougeLsum_fmeasure,0.18823690712451935
rougeLsum_precision,0.4338361918926239
rougeLsum_recall,0.12581120431423187
