rouge_keys,scores
rouge1_fmeasure,0.16145265102386475
rouge1_precision,0.14099866151809692
rouge1_recall,0.21351608633995056
rouge2_fmeasure,0.03350052982568741
rouge2_precision,0.029616979882121086
rouge2_recall,0.04492771998047829
rougeL_fmeasure,0.15534073114395142
rougeL_precision,0.13467887043952942
rougeL_recall,0.20719337463378906
rougeLsum_fmeasure,0.15567968785762787
rougeLsum_precision,0.13502143323421478
rougeLsum_recall,0.20752979815006256
