,PUNCTUATION,rouge1_fmeasure,rouge1_precision,rouge1_recall,rouge2_fmeasure,rouge2_precision,rouge2_recall,rougeL_fmeasure,rougeL_precision,rougeL_recall,rougeLsum_fmeasure,rougeLsum_precision,rougeLsum_recall,avg_p,max_p,min_p,avg_r,max_r,min_r,avg_f1,max_f1,min_f1,avg_cos_sim,max_cos_sim,min_cos_sim,avg_sem_meteor,max_sem_meteor,min_sem_meteor
vit-gpt2-master-E-3,7,0.16145265102386475,0.14099866151809692,0.21351608633995056,0.03350052982568741,0.029616979882121086,0.04492771998047829,0.15534073114395142,0.13467887043952942,0.20719337463378906,0.15567968785762787,0.13502143323421478,0.20752979815006256,0.033876811594202895,0.6666666666666666,0.0,0.03986369910282953,0.5,0.0,0.03503468753468754,0.5714285714285714,0.0,0.16404305398464203,0.5883040428161621,-0.12501636147499084,0.14478112427846396,0.5946666666666668,0.0
