rouge_keys,scores
rouge1_fmeasure,0.19186653196811676
rouge1_precision,0.1932384967803955
rouge1_recall,0.21635130047798157
rouge2_fmeasure,0.05065225809812546
rouge2_precision,0.0518176443874836
rouge2_recall,0.060740210115909576
rougeL_fmeasure,0.18449707329273224
rougeL_precision,0.18445028364658356
rougeL_recall,0.2092229127883911
rougeLsum_fmeasure,0.18467098474502563
rougeLsum_precision,0.18461750447750092
rougeLsum_recall,0.20940405130386353
