,MISC,GRAMMAR,PUNCTUATION,rouge1_fmeasure,rouge1_precision,rouge1_recall,rouge2_fmeasure,rouge2_precision,rouge2_recall,rougeL_fmeasure,rougeL_precision,rougeL_recall,rougeLsum_fmeasure,rougeLsum_precision,rougeLsum_recall,avg_p,max_p,min_p,avg_r,max_r,min_r,avg_f1,max_f1,min_f1,avg_cos_sim,max_cos_sim,min_cos_sim,avg_sem_meteor,max_sem_meteor,min_sem_meteor
T5-master-case-l,2,1,1,0.4987918734550476,0.538310170173645,0.499959260225296,0.31392744183540344,0.34231749176979065,0.3143670856952667,0.4843265414237976,0.5208827257156372,0.48706328868865967,0.48482590913772583,0.5213508605957031,0.48759832978248596,0.5857321205635813,1.0,0.0,0.48720877846786637,1.0,0.0,0.5106205374963855,1.0,0.0,0.6999164819717407,1.000000238418579,0.08957871794700623,0.4741168963086794,0.9996243425995492,0.0
