rouge_keys,scores
rouge1_fmeasure,0.4987918734550476
rouge1_precision,0.538310170173645
rouge1_recall,0.499959260225296
rouge2_fmeasure,0.31392744183540344
rouge2_precision,0.34231749176979065
rouge2_recall,0.3143670856952667
rougeL_fmeasure,0.4843265414237976
rougeL_precision,0.5208827257156372
rougeL_recall,0.48706328868865967
rougeLsum_fmeasure,0.48482590913772583
rougeLsum_precision,0.5213508605957031
rougeLsum_recall,0.48759832978248596
