,CASING,MISC,rouge1_fmeasure,rouge1_precision,rouge1_recall,rouge2_fmeasure,rouge2_precision,rouge2_recall,rougeL_fmeasure,rougeL_precision,rougeL_recall,rougeLsum_fmeasure,rougeLsum_precision,rougeLsum_recall,avg_p,max_p,min_p,avg_r,max_r,min_r,avg_f1,max_f1,min_f1,avg_cos_sim,max_cos_sim,min_cos_sim,avg_sem_meteor,max_sem_meteor,min_sem_meteor
224x224-dense-glove-keywords-greedy-master,458,458,0.20231176912784576,0.3122270703315735,0.15704631805419922,0.055326033383607864,0.09170306473970413,0.04135602340102196,0.20004525780677795,0.307314395904541,0.15554629266262054,0.20004525780677795,0.307314395904541,0.15554629266262054,0.0,0,0,0.0,0.0,0.0,0.0,0,0,0.06897910684347153,0.24154068529605865,-0.11678317189216614,0.1019893411925539,0.4406130268199233,0.0
