,CASING,MISC,rouge1_fmeasure,rouge1_precision,rouge1_recall,rouge2_fmeasure,rouge2_precision,rouge2_recall,rougeL_fmeasure,rougeL_precision,rougeL_recall,rougeLsum_fmeasure,rougeLsum_precision,rougeLsum_recall,avg_p,max_p,min_p,avg_r,max_r,min_r,avg_f1,max_f1,min_f1,avg_cos_sim,max_cos_sim,min_cos_sim,avg_sem_meteor,max_sem_meteor,min_sem_meteor
224x224-dense-glove-keywords-greedy-master,458,458,0.1862318217754364,0.2876637578010559,0.1447354555130005,0.04714922606945038,0.07714702188968658,0.03549320623278618,0.18414725363254547,0.28329694271087646,0.14334458112716675,0.18414725363254547,0.28329694271087646,0.14334458112716675,0.0,0,0,0.0,0.0,0.0,0.0,0,0,0.06323465704917908,0.24154067039489746,-0.11678319424390793,0.093057039971278,0.4406130268199233,0.0
