rouge_keys,scores
rouge1_fmeasure,0.1862318217754364
rouge1_precision,0.2876637578010559
rouge1_recall,0.1447354555130005
rouge2_fmeasure,0.04714922606945038
rouge2_precision,0.07714702188968658
rouge2_recall,0.03549320623278618
rougeL_fmeasure,0.18414725363254547
rougeL_precision,0.28329694271087646
rougeL_recall,0.14334458112716675
rougeLsum_fmeasure,0.18414725363254547
rougeLsum_precision,0.28329694271087646
rougeLsum_recall,0.14334458112716675
