,GRAMMAR,PUNCTUATION,MISC,TYPOGRAPHY,rouge1_fmeasure,rouge1_precision,rouge1_recall,rouge2_fmeasure,rouge2_precision,rouge2_recall,rougeL_fmeasure,rougeL_precision,rougeL_recall,rougeLsum_fmeasure,rougeLsum_precision,rougeLsum_recall,avg_p,max_p,min_p,avg_r,max_r,min_r,avg_f1,max_f1,min_f1,avg_cos_sim,max_cos_sim,min_cos_sim,avg_sem_meteor,max_sem_meteor,min_sem_meteor
T5-master-final-l,2,3,1,1,0.5038489103317261,0.5441275238990784,0.5081080198287964,0.3246656656265259,0.3566380739212036,0.32503825426101685,0.49100834131240845,0.5293889045715332,0.49616891145706177,0.49150770902633667,0.5298570394515991,0.4967039227485657,0.6091297279499526,1.0,0.0,0.503482943337537,1.0,0.0,0.5257298290762652,1.0,0.0,0.7098420262336731,1.000000238418579,0.08739206194877625,0.48435172684088007,0.9996243425995492,0.0
