,CASING,rouge1_fmeasure,rouge1_precision,rouge1_recall,rouge2_fmeasure,rouge2_precision,rouge2_recall,rougeL_fmeasure,rougeL_precision,rougeL_recall,rougeLsum_fmeasure,rougeLsum_precision,rougeLsum_recall,avg_p,max_p,min_p,avg_r,max_r,min_r,avg_f1,max_f1,min_f1,avg_cos_sim,max_cos_sim,min_cos_sim,avg_sem_meteor,max_sem_meteor,min_sem_meteor
1080p-vgg19-glove-greedy-keywords-master,456,0.19821485877037048,0.42576420307159424,0.1346108317375183,0.07125632464885712,0.20851528644561768,0.0454547181725502,0.19768114387989044,0.42394471168518066,0.13429242372512817,0.19768114387989044,0.42394471168518066,0.13429242372512817,0.0,0,0,0.0,0.0,0.0,0.0,0,0,0.12364280223846436,0.3343091309070587,-0.07871002703905106,0.10925777755127031,0.6465517241379309,0.0
