rouge_keys,scores
rouge1_fmeasure,0.19821485877037048
rouge1_precision,0.42576420307159424
rouge1_recall,0.1346108317375183
rouge2_fmeasure,0.07125632464885712
rouge2_precision,0.20851528644561768
rouge2_recall,0.0454547181725502
rougeL_fmeasure,0.19768114387989044
rougeL_precision,0.42394471168518066
rougeL_recall,0.13429242372512817
rougeLsum_fmeasure,0.19768114387989044
rougeLsum_precision,0.42394471168518066
rougeLsum_recall,0.13429242372512817
