rouge_keys,scores
rouge1_fmeasure,0.21555428206920624
rouge1_precision,0.4596070349216461
rouge1_recall,0.14669151604175568
rouge2_fmeasure,0.08252783864736557
rouge2_precision,0.23799127340316772
rouge2_recall,0.052778344601392746
rougeL_fmeasure,0.2150205820798874
rougeL_precision,0.45778748393058777
rougeL_recall,0.14637312293052673
rougeLsum_fmeasure,0.2150205820798874
rougeLsum_precision,0.45778748393058777
rougeLsum_recall,0.14637312293052673
