rouge_keys,scores
rouge1_fmeasure,0.3990071713924408
rouge1_precision,0.4264896512031555
rouge1_recall,0.404978483915329
rouge2_fmeasure,0.20029602944850922
rouge2_precision,0.20958594977855682
rouge2_recall,0.21114106476306915
rougeL_fmeasure,0.37986841797828674
rougeL_precision,0.40377867221832275
rougeL_recall,0.38743090629577637
rougeLsum_fmeasure,0.3814687728881836
rougeLsum_precision,0.4056107997894287
rougeLsum_recall,0.388918399810791
