rouge_keys,scores
rouge1_fmeasure,0.20231176912784576
rouge1_precision,0.3122270703315735
rouge1_recall,0.15704631805419922
rouge2_fmeasure,0.055326033383607864
rouge2_precision,0.09170306473970413
rouge2_recall,0.04135602340102196
rougeL_fmeasure,0.20004525780677795
rougeL_precision,0.307314395904541
rougeL_recall,0.15554629266262054
rougeLsum_fmeasure,0.20004525780677795
rougeLsum_precision,0.307314395904541
rougeLsum_recall,0.15554629266262054
