,CASING,MISC,GRAMMAR,rouge1_fmeasure,rouge1_precision,rouge1_recall,rouge2_fmeasure,rouge2_precision,rouge2_recall,rougeL_fmeasure,rougeL_precision,rougeL_recall,rougeLsum_fmeasure,rougeLsum_precision,rougeLsum_recall,avg_p,max_p,min_p,avg_r,max_r,min_r,avg_f1,max_f1,min_f1,avg_cos_sim,max_cos_sim,min_cos_sim,avg_sem_meteor,max_sem_meteor,min_sem_meteor
224x224-vgg19-glove-sbs-keywords-master,457,4,8,0.173147514462471,0.40217679738998413,0.11557501554489136,0.0617452934384346,0.2019650638103485,0.03860148787498474,0.17290490865707397,0.40108510851860046,0.1154385507106781,0.17290490865707397,0.40108510851860046,0.1154385507106781,0.0,0,0,0.0,0.0,0.0,0.0,0,0,0.1207626461982727,0.39932990074157715,-0.07871002703905106,0.09461176553129083,0.6465517241379309,0.0
