rouge_keys,scores
rouge1_fmeasure,0.173147514462471
rouge1_precision,0.40217679738998413
rouge1_recall,0.11557501554489136
rouge2_fmeasure,0.0617452934384346
rouge2_precision,0.2019650638103485
rouge2_recall,0.03860148787498474
rougeL_fmeasure,0.17290490865707397
rougeL_precision,0.40108510851860046
rougeL_recall,0.1154385507106781
rougeLsum_fmeasure,0.17290490865707397
rougeLsum_precision,0.40108510851860046
rougeLsum_recall,0.1154385507106781
