rouge_keys,scores
rouge1_fmeasure,0.3867873251438141
rouge1_precision,0.3209027349948883
rouge1_recall,0.5654587149620056
rouge2_fmeasure,0.21780931949615479
rouge2_precision,0.17903868854045868
rouge2_recall,0.3402584195137024
rougeL_fmeasure,0.35583245754241943
rougeL_precision,0.29532721638679504
rougeL_recall,0.5210469961166382
rougeLsum_fmeasure,0.35665833950042725
rougeLsum_precision,0.2959996163845062
rougeLsum_recall,0.5223991274833679
