rouge_keys,scores
rouge1_fmeasure,0.12834490835666656
rouge1_precision,0.13245803117752075
rouge1_recall,0.15440353751182556
rouge2_fmeasure,0.03292021155357361
rouge2_precision,0.030821021646261215
rouge2_recall,0.046698931604623795
rougeL_fmeasure,0.12281475216150284
rougeL_precision,0.12461836636066437
rougeL_recall,0.14966240525245667
rougeLsum_fmeasure,0.12340474128723145
rougeLsum_precision,0.125728040933609
rougeLsum_recall,0.15009786188602448
