rouge_keys,scores
rouge1_fmeasure,0.19294299185276031
rouge1_precision,0.19737876951694489
rouge1_recall,0.2123616337776184
rouge2_fmeasure,0.05684033781290054
rouge2_precision,0.05461295321583748
rouge2_recall,0.07445280253887177
rougeL_fmeasure,0.1887466013431549
rougeL_precision,0.19200243055820465
rougeL_recall,0.20848524570465088
rougeLsum_fmeasure,0.1887466013431549
rougeLsum_precision,0.19200243055820465
rougeLsum_recall,0.20848524570465088
