,PUNCTUATION,rouge1_fmeasure,rouge1_precision,rouge1_recall,rouge2_fmeasure,rouge2_precision,rouge2_recall,rougeL_fmeasure,rougeL_precision,rougeL_recall,rougeLsum_fmeasure,rougeLsum_precision,rougeLsum_recall,avg_p,max_p,min_p,avg_r,max_r,min_r,avg_f1,max_f1,min_f1,avg_cos_sim,max_cos_sim,min_cos_sim,avg_sem_meteor,max_sem_meteor,min_sem_meteor
vit-gpt2-gold-standard-E-3,5,0.19294299185276031,0.19737876951694489,0.2123616337776184,0.05684033781290054,0.05461295321583748,0.07445280253887177,0.1887466013431549,0.19200243055820465,0.20848524570465088,0.1887466013431549,0.19200243055820465,0.20848524570465088,0.05376344086021505,0.6666666666666666,0.0,0.03952892985151049,0.3333333333333333,0.0,0.044777265745007684,0.4444444444444444,0.0,0.17285755276679993,0.7097886204719543,-0.01971316710114479,0.2157046100800697,0.5952380952380953,0.0
