rouge_keys,scores
rouge1_fmeasure,0.4241931140422821
rouge1_precision,0.3578881025314331
rouge1_recall,0.6181923747062683
rouge2_fmeasure,0.23748816549777985
rouge2_precision,0.19880253076553345
rouge2_recall,0.3609793484210968
rougeL_fmeasure,0.3991914689540863
rougeL_precision,0.33425116539001465
rougeL_recall,0.5874367356300354
rougeLsum_fmeasure,0.40373694896698
rougeLsum_precision,0.33933356404304504
rougeLsum_recall,0.5915576219558716
