,GRAMMAR,CASING,rouge1_fmeasure,rouge1_precision,rouge1_recall,rouge2_fmeasure,rouge2_precision,rouge2_recall,rougeL_fmeasure,rougeL_precision,rougeL_recall,rougeLsum_fmeasure,rougeLsum_precision,rougeLsum_recall,avg_p,max_p,min_p,avg_r,max_r,min_r,avg_f1,max_f1,min_f1,avg_cos_sim,max_cos_sim,min_cos_sim,avg_sem_meteor,max_sem_meteor,min_sem_meteor
1080p-vgg19-glove-sbs-keywords-master,16,456,0.19214189052581787,0.4443231523036957,0.12776976823806763,0.07476575672626495,0.24017466604709625,0.04653594270348549,0.19189929962158203,0.4432314336299896,0.12763330340385437,0.19189929962158203,0.4432314336299896,0.12763330340385437,0.0,0,0,0.0,0.0,0.0,0.0,0,0,0.1277146190404892,0.39932966232299805,-0.07871007919311523,0.10787497004011905,0.6465517241379309,0.0
