rouge_keys,scores
rouge1_fmeasure,0.19214189052581787
rouge1_precision,0.4443231523036957
rouge1_recall,0.12776976823806763
rouge2_fmeasure,0.07476575672626495
rouge2_precision,0.24017466604709625
rouge2_recall,0.04653594270348549
rougeL_fmeasure,0.19189929962158203
rougeL_precision,0.4432314336299896
rougeL_recall,0.12763330340385437
rougeLsum_fmeasure,0.19189929962158203
rougeLsum_precision,0.4432314336299896
rougeLsum_recall,0.12763330340385437
