,CASING,rouge1_fmeasure,rouge1_precision,rouge1_recall,rouge2_fmeasure,rouge2_precision,rouge2_recall,rougeL_fmeasure,rougeL_precision,rougeL_recall,rougeLsum_fmeasure,rougeLsum_precision,rougeLsum_recall,avg_p,max_p,min_p,avg_r,max_r,min_r,avg_f1,max_f1,min_f1,avg_cos_sim,max_cos_sim,min_cos_sim,avg_sem_meteor,max_sem_meteor,min_sem_meteor
1080p-vgg19-glove-greedy-keywords-master,456,0.21555428206920624,0.4596070349216461,0.14669151604175568,0.08252783864736557,0.23799127340316772,0.052778344601392746,0.2150205820798874,0.45778748393058777,0.14637312293052673,0.2150205820798874,0.45778748393058777,0.14637312293052673,0.0,0,0,0.0,0.0,0.0,0.0,0,0,0.1286897212266922,0.33430904150009155,-0.07871007919311523,0.12093151503256659,0.6465517241379309,0.0
