,rouge1_fmeasure,rouge1_precision,rouge1_recall,rouge2_fmeasure,rouge2_precision,rouge2_recall,rougeL_fmeasure,rougeL_precision,rougeL_recall,rougeLsum_fmeasure,rougeLsum_precision,rougeLsum_recall,avg_p,max_p,min_p,avg_r,max_r,min_r,avg_f1,max_f1,min_f1,avg_cos_sim,max_cos_sim,min_cos_sim,avg_sem_meteor,max_sem_meteor,min_sem_meteor
T5,0.3175961971282959,0.34734806418418884,0.3202642798423767,0.10881318151950836,0.1256304383277893,0.10711193084716797,0.3120303750038147,0.3407154083251953,0.3154051601886749,0.3120303750038147,0.3407154083251953,0.3154051601886749,0.17517006802721088,1.0,0.0,0.12517006802721087,0.75,0.0,0.13934534852902197,0.8571428571428572,0.0,0.41141530871391296,0.9103509783744812,0.040246978402137756,0.28841194541059356,0.755560651226783,0.0
