rouge_keys,scores
rouge1_fmeasure,0.3175961971282959
rouge1_precision,0.34734806418418884
rouge1_recall,0.3202642798423767
rouge2_fmeasure,0.10881318151950836
rouge2_precision,0.1256304383277893
rouge2_recall,0.10711193084716797
rougeL_fmeasure,0.3120303750038147
rougeL_precision,0.3407154083251953
rougeL_recall,0.3154051601886749
rougeLsum_fmeasure,0.3120303750038147
rougeLsum_precision,0.3407154083251953
rougeLsum_recall,0.3154051601886749
