rouge_keys,scores
rouge1_fmeasure,0.3660100996494293
rouge1_precision,0.28864383697509766
rouge1_recall,0.5774144530296326
rouge2_fmeasure,0.20185422897338867
rouge2_precision,0.15725667774677277
rouge2_recall,0.3404926061630249
rougeL_fmeasure,0.3316865563392639
rougeL_precision,0.261822372674942
rougeL_recall,0.5238403677940369
rougeLsum_fmeasure,0.33229774236679077
rougeLsum_precision,0.2623042166233063
rougeLsum_recall,0.5248337984085083
